The most valued data science skills,,
,,
Item 1,Skill ,Website
1,Education,https://www.kdnuggets.com/2018/05/simplilearn-9-must-have-skills-data-scientist.html
2,R Programming,https://www.kdnuggets.com/2018/05/simplilearn-10-must-have-skills-data-scientist.html
3,Python Coding,https://www.kdnuggets.com/2018/05/simplilearn-11-must-have-skills-data-scientist.html
4,Hadoop Platform?,https://www.kdnuggets.com/2018/05/simplilearn-12-must-have-skills-data-scientist.html
5,SQL Database/Coding,https://www.kdnuggets.com/2018/05/simplilearn-13-must-have-skills-data-scientist.html
6,Apache Spark,https://www.kdnuggets.com/2018/05/simplilearn-14-must-have-skills-data-scientist.html
7,Machine Learning and AI,https://www.kdnuggets.com/2018/05/simplilearn-15-must-have-skills-data-scientist.html
8,Data Visualization,https://www.kdnuggets.com/2018/05/simplilearn-16-must-have-skills-data-scientist.html
9,Unstructured data,https://www.kdnuggets.com/2018/05/simplilearn-17-must-have-skills-data-scientist.html
10,Intellectual curiosity,https://www.kdnuggets.com/2018/05/simplilearn-18-must-have-skills-data-scientist.html
11,Business acumen?,https://www.kdnuggets.com/2018/05/simplilearn-19-must-have-skills-data-scientist.html
12,Communication skills?,https://www.kdnuggets.com/2018/05/simplilearn-20-must-have-skills-data-scientist.html
13,Teamwork,https://www.kdnuggets.com/2018/05/simplilearn-21-must-have-skills-data-scientist.html
14,Programming (R/Python):,https://www.r-bloggers.com/top-10-most-valuable-data-science-skills-in-2020/
15,SQL,https://www.r-bloggers.com/top-10-most-valuable-data-science-skills-in-2021/
16,Basic math & Stats,https://www.r-bloggers.com/top-10-most-valuable-data-science-skills-in-2022/
17,Machine Learning Algorithms,https://www.r-bloggers.com/top-10-most-valuable-data-science-skills-in-2023/
18,Data Visualization,https://www.r-bloggers.com/top-10-most-valuable-data-science-skills-in-2024/
19,Communication skills,https://www.r-bloggers.com/top-10-most-valuable-data-science-skills-in-2025/
20,Cloud services,https://www.r-bloggers.com/top-10-most-valuable-data-science-skills-in-2026/
21,Software engineering,https://www.r-bloggers.com/top-10-most-valuable-data-science-skills-in-2027/
22,Automated ML,https://www.r-bloggers.com/top-10-most-valuable-data-science-skills-in-2028/
23,Domain expertise,https://www.r-bloggers.com/top-10-most-valuable-data-science-skills-in-2029/
24,Knowledge of Hadoop,https://intellipaat.com/blog/most-valuable-data-science-skills-of-2019/
25,Programming Skills,https://intellipaat.com/blog/most-valuable-data-science-skills-of-2020/
26,SQL database,https://intellipaat.com/blog/most-valuable-data-science-skills-of-2021/
27,NoSQL,https://intellipaat.com/blog/most-valuable-data-science-skills-of-2022/
28,Intellectual Quest,https://intellipaat.com/blog/most-valuable-data-science-skills-of-2023/
29,Strong business acuity,https://intellipaat.com/blog/most-valuable-data-science-skills-of-2024/
30,Excellent communication,https://intellipaat.com/blog/most-valuable-data-science-skills-of-2025/
31,Python?,https://www.udemy.com/blog/11-data-scientist-skills-in-demand-today/
32,R,https://www.udemy.com/blog/12-data-scientist-skills-in-demand-today/
33,Machine learning,https://www.udemy.com/blog/13-data-scientist-skills-in-demand-today/
34,Deep learning,https://www.udemy.com/blog/14-data-scientist-skills-in-demand-today/
35,Regression and classification,https://www.udemy.com/blog/15-data-scientist-skills-in-demand-today/
36,Natural Language Processing,https://www.udemy.com/blog/16-data-scientist-skills-in-demand-today/
37,SQL,https://www.udemy.com/blog/17-data-scientist-skills-in-demand-today/
38,NoSQL,https://www.udemy.com/blog/18-data-scientist-skills-in-demand-today/
39,Elasticsearch,https://www.udemy.com/blog/19-data-scientist-skills-in-demand-today/
40,Programming Skills,https://blog.udacity.com/2014/11/data-science-job-skills.html
41,Statistics,https://blog.udacity.com/2014/12/data-science-job-skills.html
42,Machine Learning,https://blog.udacity.com/2014/13/data-science-job-skills.html
43,Multivariable Calculus & Linear Algebra,https://blog.udacity.com/2014/14/data-science-job-skills.html
44,Data Wrangling,https://blog.udacity.com/2014/15/data-science-job-skills.html
45,Data Visualization & Communication,https://blog.udacity.com/2014/16/data-science-job-skills.html
46,Software Engineering,https://blog.udacity.com/2014/17/data-science-job-skills.html
47,Data Intuition,https://blog.udacity.com/2014/18/data-science-job-skills.html
48,Statistics,https://medium.com/@rinu.gour123/12-top-data-science-skills-want-to-be-a-data-scientist-in-2019-c14300dac257
49,Programming skills,https://medium.com/@rinu.gour123/12-top-data-science-skills-want-to-be-a-data-scientist-in-2019-c14300dac258
50,Critical thinking,https://medium.com/@rinu.gour123/12-top-data-science-skills-want-to-be-a-data-scientist-in-2019-c14300dac259
51,"Knowledge of AI, ML, and Deep Learning",https://medium.com/@rinu.gour123/12-top-data-science-skills-want-to-be-a-data-scientist-in-2019-c14300dac260
52,Comfort with math,https://medium.com/@rinu.gour123/12-top-data-science-skills-want-to-be-a-data-scientist-in-2019-c14300dac261
53,"Good Knowledge of Python, R, SAS, and Scala",https://medium.com/@rinu.gour123/12-top-data-science-skills-want-to-be-a-data-scientist-in-2019-c14300dac262
54,Communication,https://medium.com/@rinu.gour123/12-top-data-science-skills-want-to-be-a-data-scientist-in-2019-c14300dac263
55,Data Wrangling,https://medium.com/@rinu.gour123/12-top-data-science-skills-want-to-be-a-data-scientist-in-2019-c14300dac264
56,Data Visualization,https://medium.com/@rinu.gour123/12-top-data-science-skills-want-to-be-a-data-scientist-in-2019-c14300dac265
57,Ability to understand analytical functions,https://medium.com/@rinu.gour123/12-top-data-science-skills-want-to-be-a-data-scientist-in-2019-c14300dac266
58,Experience with SQL,https://medium.com/@rinu.gour123/12-top-data-science-skills-want-to-be-a-data-scientist-in-2019-c14300dac267
59,Ability to work with unstructured data,https://medium.com/@rinu.gour123/12-top-data-science-skills-want-to-be-a-data-scientist-in-2019-c14300dac268
60,Machine learning,https://www.techrepublic.com/article/top-5-tech-skills-data-scientists-need-and-how-to-learn-them/
61,Python,https://www.techrepublic.com/article/top-6-tech-skills-data-scientists-need-and-how-to-learn-them/
62,R,https://www.techrepublic.com/article/top-7-tech-skills-data-scientists-need-and-how-to-learn-them/
63,SQL,https://www.techrepublic.com/article/top-8-tech-skills-data-scientists-need-and-how-to-learn-them/
64,Hadoop,https://www.techrepublic.com/article/top-9-tech-skills-data-scientists-need-and-how-to-learn-them/
65,Critical thinking,https://www.cio.com/article/3263790/the-essential-skills-and-traits-of-an-expert-data-scientist.html
66,Coding,https://www.cio.com/article/3263791/the-essential-skills-and-traits-of-an-expert-data-scientist.html
67,Math,https://www.cio.com/article/3263792/the-essential-skills-and-traits-of-an-expert-data-scientist.html
68,"Machine learning, deep learning, AI",https://www.cio.com/article/3263793/the-essential-skills-and-traits-of-an-expert-data-scientist.html
69,Communication,https://www.cio.com/article/3263794/the-essential-skills-and-traits-of-an-expert-data-scientist.html
70,Data architecture,https://www.cio.com/article/3263795/the-essential-skills-and-traits-of-an-expert-data-scientist.html
71,"Risk analysis, process improvement, systems engineering",https://www.cio.com/article/3263796/the-essential-skills-and-traits-of-an-expert-data-scientist.html
72,Problem solving and good business intuition,https://www.cio.com/article/3263797/the-essential-skills-and-traits-of-an-expert-data-scientist.html
73,Advanced Degree,https://www.ubuntupit.com/best-20-data-scientist-skills-that-you-need-to-get-data-science-jobs/
74,Certifications,https://www.ubuntupit.com/best-21-data-scientist-skills-that-you-need-to-get-data-science-jobs/
75,Problem Solving & Risk Analysis,https://www.ubuntupit.com/best-22-data-scientist-skills-that-you-need-to-get-data-science-jobs/
76,Process Improvement,https://www.ubuntupit.com/best-23-data-scientist-skills-that-you-need-to-get-data-science-jobs/
77,Business Acumen,https://www.ubuntupit.com/best-24-data-scientist-skills-that-you-need-to-get-data-science-jobs/
78,Python Programming,https://www.ubuntupit.com/best-25-data-scientist-skills-that-you-need-to-get-data-science-jobs/
79,R Programming,https://www.ubuntupit.com/best-26-data-scientist-skills-that-you-need-to-get-data-science-jobs/
80,SQL Programming,https://www.ubuntupit.com/best-27-data-scientist-skills-that-you-need-to-get-data-science-jobs/
81,Hadoop,https://www.ubuntupit.com/best-28-data-scientist-skills-that-you-need-to-get-data-science-jobs/
82,Apache Spark,https://www.ubuntupit.com/best-29-data-scientist-skills-that-you-need-to-get-data-science-jobs/
83,Apache Kafka,https://www.ubuntupit.com/best-30-data-scientist-skills-that-you-need-to-get-data-science-jobs/
84,Statistics,https://www.ubuntupit.com/best-31-data-scientist-skills-that-you-need-to-get-data-science-jobs/
85,Multivariable Calculus & Linear Algebra,https://www.ubuntupit.com/best-32-data-scientist-skills-that-you-need-to-get-data-science-jobs/
86,"Machine Learning, Deep Learning, and AI",https://www.ubuntupit.com/best-33-data-scientist-skills-that-you-need-to-get-data-science-jobs/
87,Tensorflow,https://www.ubuntupit.com/best-34-data-scientist-skills-that-you-need-to-get-data-science-jobs/
88,Teamwork,https://www.ubuntupit.com/best-35-data-scientist-skills-that-you-need-to-get-data-science-jobs/
89,Documentation,https://www.ubuntupit.com/best-36-data-scientist-skills-that-you-need-to-get-data-science-jobs/
90,Data Wrangling,https://www.ubuntupit.com/best-37-data-scientist-skills-that-you-need-to-get-data-science-jobs/
91,Data Modeling,https://www.ubuntupit.com/best-38-data-scientist-skills-that-you-need-to-get-data-science-jobs/
92,Data Mining,https://www.ubuntupit.com/best-39-data-scientist-skills-that-you-need-to-get-data-science-jobs/
93,Programming,https://www.forbes.com/sites/quora/2017/06/15/what-are-the-top-five-skills-data-scientists-need/#6dce9f8d7c0c
94,Quantitative analysis,https://www.forbes.com/sites/quora/2017/06/15/what-are-the-top-five-skills-data-scientists-need/#6dce9f8d7c0c
95,Product intuition,https://www.forbes.com/sites/quora/2017/06/15/what-are-the-top-five-skills-data-scientists-need/#6dce9f8d7c1c
96,Communication,https://www.forbes.com/sites/quora/2017/06/15/what-are-the-top-five-skills-data-scientists-need/#6dce9f8d7c2c
97,Teamwork,https://www.forbes.com/sites/quora/2017/06/15/what-are-the-top-five-skills-data-scientists-need/#6dce9f8d7c3c
